{
  "BV": {
    "Functionality": {
      "1024": {
        "dd": {
          "active_memory_mib": 0.26538848876953125,
          "compute_tables": {
            "matrix_add": {
              "col_ratio": 0.00648556045031816,
              "collisions": 53,
              "hit_ratio": 0.5,
              "hits": 4086,
              "inserts": 4033,
              "load_factor": 0.028564453125,
              "lookups": 8172,
              "num_buckets": 16384,
              "num_entries": 468,
              "peak_num_entries": 767
            },
            "matrix_matrix_mult": {
              "col_ratio": 0.22864354920877333,
              "collisions": 1433063,
              "hit_ratio": 0.7078684545284989,
              "hits": 4436688,
              "inserts": 397922,
              "load_factor": 0.58099365234375,
              "lookups": 6267673,
              "memory_MiB": 1.125,
              "num_buckets": 16384,
              "num_entries": 9519,
              "peak_num_entries": 16310
            }
          },
          "matrix": {
            "memory_manager": {
              "memory_allocated_MiB": 27.78125,
              "memory_used_MiB": 2.654052734375,
              "memory_used_MiB_peak": 14.267990112304688,
              "num_allocated": 260096,
              "num_allocations": 7,
              "num_available_for_reuse": 108733,
              "num_available_for_reuse_peak": 131770,
              "num_available_from_chunks": 126515,
              "num_available_total": 235248,
              "num_used": 24848,
              "num_used_peak": 133581,
              "usage_ratio": 0.09553395669291338
            },
            "unique_table": {
              "total": {
                "col_ratio": 0.0013509112432658473,
                "collisions": 10428,
                "gc_runs": 24,
                "hit_ratio": 0.5920878936951516,
                "hits": 4570465,
                "inserts": 3148769,
                "load_factor": 0.0007405281066894531,
                "lookups": 7719234,
                "memory_MiB": 256.0,
                "num_active_entries": 2046,
                "num_buckets": 33554432,
                "num_entries": 24848,
                "peak_num_active_entries": 4092,
                "peak_num_entries": 283390
              }
            }
          },
          "peak_memory_mib": 17.348899841308594,
          "real_numbers": {
            "cache_manager": {
              "memory_allocated_MiB": 0.046875,
              "memory_used_MiB": 0.0,
              "memory_used_MiB_peak": 0.001556396484375,
              "num_allocated": 2048,
              "num_allocations": 1,
              "num_available_for_reuse": 68,
              "num_available_for_reuse_peak": 68,
              "num_available_from_chunks": 1980,
              "num_available_total": 2048,
              "num_used": 0,
              "num_used_peak": 68,
              "usage_ratio": 0.0
            },
            "memory_manager": {
              "memory_allocated_MiB": 0.046875,
              "memory_used_MiB": 0.0234832763671875,
              "memory_used_MiB_peak": 0.0234832763671875,
              "num_allocated": 2048,
              "num_allocations": 1,
              "num_available_for_reuse": 0,
              "num_available_for_reuse_peak": 0,
              "num_available_from_chunks": 1022,
              "num_available_total": 1022,
              "num_used": 1026,
              "num_used_peak": 1026,
              "usage_ratio": 0.5009765625
            },
            "unique_table": {
              "col_ratio": 0.7782147070389304,
              "collisions": 1979,
              "gc_runs": 0,
              "hit_ratio": 0.5965395202516712,
              "hits": 1517,
              "inserts": 1026,
              "load_factor": 0.01565527869752964,
              "lookups": 2543,
              "memory_MiB": 0.5000076293945313,
              "num_active_entries": 1,
              "num_buckets": 65537,
              "num_entries": 1026,
              "peak_num_active_entries": 2,
              "peak_num_entries": 1026
            }
          }
        },
        "gate_count": 2546,
        "runtime": 8.731477667
      },
      "256": {
        "dd": {
          "active_memory_mib": 0.06616973876953125,
          "compute_tables": {
            "matrix_add": {
              "col_ratio": 0.004940711462450593,
              "collisions": 10,
              "hit_ratio": 0.5,
              "hits": 1012,
              "inserts": 1002,
              "load_factor": 0.04315185546875,
              "lookups": 2024,
              "memory_MiB": 1.125,
              "num_buckets": 16384,
              "num_entries": 707,
              "peak_num_entries": 707
            },
            "matrix_matrix_mult": {
              "col_ratio": 0.2150845822345147,
              "collisions": 83598,
              "hit_ratio": 0.7066186402521387,
              "hits": 274645,
              "inserts": 30432,
              "load_factor": 0.864013671875,
              "lookups": 388675,
              "memory_MiB": 1.125,
              "num_buckets": 16384,
              "num_entries": 14156,
              "peak_num_entries": 16276
            }
          },
          "matrix": {
            "memory_manager": {
              "memory_allocated_MiB": 27.78125,
              "memory_used_MiB": 5.30169677734375,
              "memory_used_MiB_peak": 14.013565063476563,
              "num_allocated": 260096,
              "num_allocations": 7,
              "num_available_for_reuse": 81563,
              "num_available_for_reuse_peak": 130689,
              "num_available_from_chunks": 128897,
              "num_available_total": 210460,
              "num_used": 49636,
              "num_used_peak": 131199,
              "usage_ratio": 0.19083722933070865
            },
            "unique_table": {
              "total": {
                "col_ratio": 0.0038910748341151494,
                "collisions": 1873,
                "gc_runs": 1,
                "hit_ratio": 0.625382771243025,
                "hits": 301033,
                "inserts": 180325,
                "load_factor": 0.005917072296142578,
                "lookups": 481358,
                "memory_MiB": 64.0,
                "num_active_entries": 510,
                "num_buckets": 8388608,
                "num_entries": 49636,
                "peak_num_active_entries": 1020,
                "peak_num_entries": 131199
              }
            }
          },
          "peak_memory_mib": 17.022377014160156,
          "real_numbers": {
            "cache_manager": {
              "memory_allocated_MiB": 0.046875,
              "memory_used_MiB": 0.0,
              "memory_used_MiB_peak": 0.001556396484375,
              "num_allocated": 2048,
              "num_allocations": 1,
              "num_available_for_reuse": 68,
              "num_available_for_reuse_peak": 68,
              "num_available_from_chunks": 1980,
              "num_available_total": 2048,
              "num_used": 0,
              "num_used_peak": 68,
              "usage_ratio": 0.0
            },
            "memory_manager": {
              "memory_allocated_MiB": 0.046875,
              "memory_used_MiB": 0.0059051513671875,
              "memory_used_MiB_peak": 0.0059051513671875,
              "num_allocated": 2048,
              "num_allocations": 1,
              "num_available_for_reuse": 0,
              "num_available_for_reuse_peak": 0,
              "num_available_from_chunks": 1790,
              "num_available_total": 1790,
              "num_used": 258,
              "num_used_peak": 258,
              "usage_ratio": 0.1259765625
            },
            "unique_table": {
              "col_ratio": 1.9131121642969984,
              "collisions": 1211,
              "gc_runs": 0,
              "hit_ratio": 0.5924170616113744,
              "hits": 375,
              "inserts": 258,